Front,Back,tag
What is the main application of derivatives in machine learning?,"Optimization, which is used to find the maximum or minimum value of a function.",machine learning::machine learning calculus::01 derivatives and optimization
Why is optimization important in machine learning?,"To find the model that best fits the dataset, by minimizing the error function.",machine learning::machine learning calculus::01 derivatives and optimization
What happens when you try to minimize the error function?,You find the best model that fits the dataset.,machine learning::machine learning calculus::01 derivatives and optimization
What is the property of maximum and minimum points in derivatives?,The slope at those points is always zero.,machine learning::machine learning calculus::01 derivatives and optimization
What are the points of zero slope called in optimization?,"Local minima, and the absolute minimum is called the global minimum.",machine learning::machine learning calculus::01 derivatives and optimization
Why do you need to try all the points where the derivative is zero?,"Because they are all candidates for the minimum, but you need to find the actual global minimum.",machine learning::machine learning calculus::01 derivatives and optimization
"Note: I've followed the formatting and reference criteria you provided, and prioritized the information regarding the main application of derivatives in machine learning, optimization, and the properties of maximum and minimum points. Each flashcard tests a single concept, and the answers are clear and concise.",,machine learning::machine learning calculus::01 derivatives and optimization
What is the goal of finding the distance x in the problem?,To minimize the cost of connecting to the two power lines.,machine learning::machine learning calculus::01 derivatives and optimization
What is the distance from the house to the blue power line?,x minus a.,machine learning::machine learning calculus::01 derivatives and optimization
What is the cost of connecting to the blue power line?,x minus a squared.,machine learning::machine learning calculus::01 derivatives and optimization
What is the cost of connecting to the orange power line?,b minus x squared or x minus b squared.,machine learning::machine learning calculus::01 derivatives and optimization
Why is it not necessary to consider negative distances?,Because the squares are the right thing and the square of a negative number is the square of a positive number.,machine learning::machine learning calculus::01 derivatives and optimization
What is the total cost of connecting to both power lines?,"The sum of the two costs, x minus a squared, plus x minus b squared.",machine learning::machine learning calculus::01 derivatives and optimization
What is the optimal solution to minimize the cost?,"To put the house in the very middle of the two power lines, x equal a plus b over 2.",machine learning::machine learning calculus::01 derivatives and optimization
What is the visual representation of the cost function?,"The area of the square, representing the cost of connecting to the blue power line, and the area of the square, representing the cost of connecting to the orange power line.",machine learning::machine learning calculus::01 derivatives and optimization
What is the example of optimizing a function in this video?,Locating a house in the perfect place to minimize the cost of connecting to several power lines.,machine learning::machine learning calculus::01 derivatives and optimization
Why is the squared error important in machine learning?,It is used to train linear regression problems and certain neural networks.,machine learning::machine learning calculus::01 derivatives and optimization
What is the cost of connecting to a power line if the distance between the house and the power line is X meters?,"X squared, because the further you are, the longer and wider the cable that you need.",machine learning::machine learning calculus::01 derivatives and optimization
What is the goal of the problem in this video?,To minimize the cost of connecting to all three power lines by finding the best location for the house.,machine learning::machine learning calculus::01 derivatives and optimization
What is the cost of connecting to a power line if the distance between the house and the power line is zero units?,"0 squared, which is 0, because if the house is right by the power line, the cost is minimal.",machine learning::machine learning calculus::01 derivatives and optimization
"Note: I've prioritized the information regarding the problem and its context, as it seems to be the main focus of the video. If you'd like me to modify or add anything, please let me know!",,machine learning::machine learning calculus::01 derivatives and optimization
What is the log loss function in machine learning?,"The log loss function is the negative of the logarithm of the probability of winning, which is used in classification problems to minimize the loss.",machine learning::machine learning calculus::01 derivatives and optimization
What is the probability of winning with coin 1?,"The probability of winning with coin 1 is 0.7^7 times 0.3^3, which is 0.00222.",machine learning::machine learning calculus::01 derivatives and optimization
What is the derivative of g(p) with respect to p?,The derivative of g(p) with respect to p is 7p^6 times 1 minus p cubed plus p^7 times 3 times 1 minus p squared times minus 1.,machine learning::machine learning calculus::01 derivatives and optimization
Why do we take the logarithm of g(p) in machine learning?,We take the logarithm of g(p) to simplify the derivative and make it easier to solve for the optimal value of p.,machine learning::machine learning calculus::01 derivatives and optimization
What is the simplified derivative of G(p)?,The simplified derivative of G(p) is 7 times 1 minus p minus 3p divided by p times 1 minus p.,machine learning::machine learning calculus::01 derivatives and optimization
What is the optimal value of p in the coin flipping game?,"The optimal value of p is 0.7, which corresponds to coin 1.",machine learning::machine learning calculus::01 derivatives and optimization
Why do we use the log loss function in machine learning?,We use the log loss function to minimize the loss in classification problems and to optimize the probability of winning.,machine learning::machine learning calculus::01 derivatives and optimization
What is the cost function of the problem?,"The cost function is (x-a)^2 + (x-b)^2 + (x-c)^2, which is the total area of the three squares.",machine learning::machine learning calculus::01 derivatives and optimization
What is the solution to minimize the cost?,"The solution is to put the house at the average of the three coordinates of the power lines, which is (a+b+c)/3.",machine learning::machine learning calculus::01 derivatives and optimization
Why is the slope of the tangent zero at the minimum point?,"Because the slope of the tangent is zero at the point where the cost function is minimized, which is the average of the three coordinates.",machine learning::machine learning calculus::01 derivatives and optimization
What is the general solution for n power lines?,"The general solution is to put the house at the average of the coordinates of all the power lines, which is (a1+a2+...+an)/n.",machine learning::machine learning calculus::01 derivatives and optimization
Let me know if you need any further modifications!,,machine learning::machine learning calculus::01 derivatives and optimization
What type of model did we find in the previous video?,The model was the coin that lands in heads with probability P and in tails with probability one minus P.,machine learning::machine learning calculus::01 derivatives and optimization
Why did we use the logarithm in the log loss function?,"Because it simplifies the derivative and makes it easier to work with, especially when dealing with products of tiny numbers.",machine learning::machine learning calculus::01 derivatives and optimization
Why is it easier to work with the derivative of the logarithm?,"Because the derivative of the logarithm of p is 1 over p, making it cleaner and easier to work with than the derivative of the original function.",machine learning::machine learning calculus::01 derivatives and optimization
What is the derivative of the log loss function?,"6 over p plus 2 over 1 minus p, etc.",machine learning::machine learning calculus::01 derivatives and optimization
Why do we use logarithms in machine learning?,To simplify complicated products and avoid dealing with tiny numbers that may be difficult for computers to handle.,machine learning::machine learning calculus::01 derivatives and optimization
What is the benefit of using logarithms in machine learning?,"It simplifies the derivative and makes it easier to work with, especially when dealing with products of tiny numbers, and also allows computers to handle very small numbers more easily.",machine learning::machine learning calculus::01 derivatives and optimization
What will you learn in week 2?,"You'll learn how to calculate derivatives in more variables, not just one variable like in week 1. This is important for machine learning problems that use lots of variables.",machine learning::machine learning calculus::01 derivatives and optimization
How will the optimization problem be translated to machine learning problems?,"The optimization problem will be translated to machine learning problems, but that's for week 2, not week 1.",machine learning::machine learning calculus::01 derivatives and optimization
Let me know if this meets your requirements or if you need any further adjustments!,,machine learning::machine learning calculus::01 derivatives and optimization
What is the concept of an inverse function?,It is the one that undoes the action of the original function.,machine learning::machine learning calculus::01 derivatives and optimization
What is the relationship between the function f and its inverse function g?,The function g undoes what the function f does.,machine learning::machine learning calculus::01 derivatives and optimization
What is the notation for the inverse function g of x?,g of x equals f inverse of x with an exponent of minus 1,machine learning::machine learning calculus::01 derivatives and optimization
What is the relationship between the slopes of the tangent lines on the left and right plots?,The slope of the tangent line on the right is the reciprocal of the slope of the tangent line on the left,machine learning::machine learning calculus::01 derivatives and optimization
What is the formula for the derivative of the inverse function g?,g prime of y is 1 over f prime of x,machine learning::machine learning calculus::01 derivatives and optimization
What is the relationship between the function f and its derivative f prime?,The derivative f prime of x is the rate of change of the function f at a given point x,machine learning::machine learning calculus::01 derivatives and optimization
What is the relationship between the function g and its derivative g prime?,The derivative g prime of y is the rate of change of the function g at a given point y,machine learning::machine learning calculus::01 derivatives and optimization
What is the product rule in calculus?,"The product rule states that the derivative of a product of two functions is the first function's derivative times the second function, plus the first function times the second function's derivative.",machine learning::machine learning calculus::01 derivatives and optimization
How do we find the derivative of a function that is a product of two functions?,"We use the product rule by hitting the function with a hammer, first hitting one function and leaving the other alone, and then hitting the other function and leaving the first alone, and then combining the results.",machine learning::machine learning calculus::01 derivatives and optimization
What is the analogy for the product rule in building a house?,"Building a house with two groups of workers, one working on the front wall and one on the side wall, and the resulting area of the house is the product of the lengths of the walls, and we want to find the rate of change of the area with respect to time.",machine learning::machine learning calculus::01 derivatives and optimization
Let me know if you need any further assistance!,,machine learning::machine learning calculus::01 derivatives and optimization
What is the derivative used for in machine learning?,"To optimize functions, particularly to maximize or minimize them.",machine learning::machine learning calculus::01 derivatives and optimization
What is the purpose of model training in machine learning?,To optimize the best possible prediction for existing data points.,machine learning::machine learning calculus::01 derivatives and optimization
What is the concept of sentiment analysis in machine learning?,A classification problem where a model is trained to classify text as happy or sad based on the frequency of certain words.,machine learning::machine learning calculus::01 derivatives and optimization
What is the goal of the machine learning model in the house pricing problem?,To predict the price of a house using the number of bedrooms it has.,machine learning::machine learning calculus::01 derivatives and optimization
What is the type of problem solved by the machine learning model in the house pricing example?,A linear regression problem.,machine learning::machine learning calculus::01 derivatives and optimization
What is the purpose of the plot in the house pricing example?,To visualize the relationship between the number of bedrooms and the price of the house.,machine learning::machine learning calculus::01 derivatives and optimization
What is the derivative of a constant function?,The derivative of a constant function is always zero.,machine learning::machine learning calculus::01 derivatives and optimization
What is the slope of a horizontal line?,The slope of a horizontal line is always zero.,machine learning::machine learning calculus::01 derivatives and optimization
What is the derivative of a generic line with equation f(x) = ax + b?,The derivative of a generic line with equation f(x) = ax + b is the slope a.,machine learning::machine learning calculus::01 derivatives and optimization
How do we calculate the derivative of a line?,"We calculate the derivative of a line by taking the slope of the tangent line at a point, which is equal to the slope of the entire line.",machine learning::machine learning calculus::01 derivatives and optimization
What is the equation for the derivative of a line?,"The equation for the derivative of a line is f'(x) = a, where a is the slope of the line.",machine learning::machine learning calculus::01 derivatives and optimization
What is the derivative of the sine function?,The derivative of the sine function is the cosine function.,machine learning::machine learning calculus::01 derivatives and optimization
What is the derivative of the cosine function?,The derivative of the cosine function is negative the sine function.,machine learning::machine learning calculus::01 derivatives and optimization
Why do the derivatives of sine and cosine have these specific values?,It is due to the geometric properties of the circle and the projections of the radial line onto the x and y axes.,machine learning::machine learning calculus::01 derivatives and optimization
What happens to the triangle as Delta gets smaller and smaller?,"The hypotenuse of the triangle approaches the arc of the circle, and the angle Phi approaches x.",machine learning::machine learning calculus::01 derivatives and optimization
What is the relationship between Delta sine x and Delta x cos x?,"Delta sine x equals Delta x cos x, and negative Delta cos x equals Delta x sine x.",machine learning::machine learning calculus::01 derivatives and optimization
What do these relationships confirm?,They confirm the intuition that the derivative of sine is cosine and the derivative of cosine is negative sine.,machine learning::machine learning calculus::01 derivatives and optimization
What programming language will be used in this course?,Python,machine learning::machine learning calculus::01 derivatives and optimization
What type of interface will be used for the programming exercises?,Jupyter notebooks,machine learning::machine learning calculus::01 derivatives and optimization
What concepts should you be comfortable with in Python programming for this course?,"Different data types and data structures, control flow using conditional statements, loops and functions, importing and using different Python libraries",machine learning::machine learning calculus::01 derivatives and optimization
What is recommended for those new to programming?,Take an introductory Python course before starting this course,machine learning::machine learning calculus::01 derivatives and optimization
What resources will be provided for learning Python?,Some great resources for getting started learning Python will be provided in the next reading item,machine learning::machine learning calculus::01 derivatives and optimization
"Note: I prioritized the information regarding the programming experience and requirements for the course, as per the task instructions. Each flashcard tests a single concept, and the ""Back"" column provides a clear and concise answer to the question in the ""Front"" column.",,machine learning::machine learning calculus::01 derivatives and optimization
What is the simplest quadratic equation?,y = x squared,machine learning::machine learning calculus::01 derivatives and optimization
What is the formula for the derivative?,Delta f over Delta x as Delta x goes to 0,machine learning::machine learning calculus::01 derivatives and optimization
What is the change in y (Delta f) when Delta x is 1?,3,machine learning::machine learning calculus::01 derivatives and optimization
What is the slope of the tangent line when Delta x is 1?,3,machine learning::machine learning calculus::01 derivatives and optimization
What is the slope of the tangent line when Delta x is 1/2?,2.5,machine learning::machine learning calculus::01 derivatives and optimization
What is the slope of the tangent line when Delta x is 1/4?,2.25,machine learning::machine learning calculus::01 derivatives and optimization
What is the slope of the tangent line when Delta x is 1/8?,2.125,machine learning::machine learning calculus::01 derivatives and optimization
What is the slope of the tangent line when Delta x is 1/16?,2.065,machine learning::machine learning calculus::01 derivatives and optimization
What is the slope of the tangent line when Delta x is 1/1000?,2.001,machine learning::machine learning calculus::01 derivatives and optimization
What is the derivative of x squared?,2x,machine learning::machine learning calculus::01 derivatives and optimization
Let me know if you'd like me to make any changes!,,machine learning::machine learning calculus::01 derivatives and optimization
What is the property of the exponential function e^x?,The derivative of e^x is e^x.,machine learning::machine learning calculus::01 derivatives and optimization
What is the logarithm of a number x?,The number such that e to that number equals x.,machine learning::machine learning calculus::01 derivatives and optimization
What is the inverse function of e^x?,"The logarithm of y, denoted as logarithm of y or ln(y).",machine learning::machine learning calculus::01 derivatives and optimization
What is the relationship between the exponential function e^x and its inverse?,"The functions are inverses, meaning that e to the logarithm of x is x and logarithm of e^y is y.",machine learning::machine learning calculus::01 derivatives and optimization
What is the derivative of the logarithmic function?,"1 over y, or d/dy of ln(y) = 1/y.",machine learning::machine learning calculus::01 derivatives and optimization
Why is the logarithmic function the inverse of e^x?,Because e to the logarithm of x is x and logarithm of e^y is y.,machine learning::machine learning calculus::01 derivatives and optimization
Let me know if you'd like me to make any changes!,,machine learning::machine learning calculus::01 derivatives and optimization
What is Euler's number?,"Euler's number is a special number in mathematics that appears in many branches and can be defined in many ways, with a numerical value of 2.71828182, etc.",machine learning::machine learning calculus::01 derivatives and optimization
What is the definition of Euler's number using the expression 1 plus 1 over n to the n?,Euler's number is defined as the limit of the expression 1 plus 1 over n to the n as n approaches infinity.,machine learning::machine learning calculus::01 derivatives and optimization
What is the property of the function f(x) = e^x?,"The function f(x) = e^x is its own derivative, meaning that the derivative of f(x) is also f(x).",machine learning::machine learning calculus::01 derivatives and optimization
Why is bank 3 the best option among the three banks discussed?,"Bank 3 gives the highest interest rate, with the amount of money growing exponentially over time.",machine learning::machine learning calculus::01 derivatives and optimization
What is the formula for the amount of money in bank n after one year?,The formula is 1 plus 1 over n to the n.,machine learning::machine learning calculus::01 derivatives and optimization
What is the difference between bank n and bank infinity?,"Bank n gives you 1 over n of your money every interval, while bank infinity gives you an infinitesimal amount of your money every instant, effectively giving you the number e at the end of the year.",machine learning::machine learning calculus::01 derivatives and optimization
What is the value of the number e at the end of the year in bank infinity?,"The value is 2.71828182, etc., which is the limit of the expression 1 plus 1 over n to the n as n approaches infinity.",machine learning::machine learning calculus::01 derivatives and optimization
"Why does the number e appear in many places in science, statistics, and probability?","Because the number e has the property of being its own derivative, making it a fundamental constant in mathematics and appearing in many mathematical formulas and equations.",machine learning::machine learning calculus::01 derivatives and optimization
What is the first way to express the derivative?,"Leibniz's notation, specifically dx/dt.",machine learning::machine learning calculus::01 derivatives and optimization
What does dx/dt represent?,Infinitesimal changes in the x direction and in the t direction.,machine learning::machine learning calculus::01 derivatives and optimization
What is the second way to express the derivative?,"Lagrange's notation, specifically f'(x)",machine learning::machine learning calculus::01 derivatives and optimization
What is the derivative of a function f(x) expressed as?,"Either f'(x) or dy/dx, with dy/dx being Leibniz's notation and d/dx being an operator",machine learning::machine learning calculus::01 derivatives and optimization
Why are there two ways to express the derivative?,Because sometimes one notation is more convenient than the other,machine learning::machine learning calculus::01 derivatives and optimization
"Note: I've prioritized the key concepts and notation used in the text, focusing on the ways to express the derivative and the differences between Leibniz's and Lagrange's notation.",,machine learning::machine learning calculus::01 derivatives and optimization
What is the derivative of a function expressed as the sum of two functions g and h?,The derivative of f is simply the derivative of g plus the derivative of h.,machine learning::machine learning calculus::01 derivatives and optimization
How do velocities add when moving in the same direction?,Velocities can be added if they are taken in the same direction. The speed of the child with respect to the earth is 0.65 meters per second.,machine learning::machine learning calculus::01 derivatives and optimization
What is the sum rule in calculus?,"If distances can be added, then velocities can also be added, and if functions can be added, then their derivatives can be added.",machine learning::machine learning calculus::01 derivatives and optimization
"Why do the slopes of the child, boat, and total distances add up?",Because the distance that the child moves with respect to the earth is the sum of the distance that the boat moves and the distance that the child moves inside the boat.,machine learning::machine learning calculus::01 derivatives and optimization
What is the derivative of the sum of two functions f1 and f2?,"The derivative of f is the sum of the derivatives of f1 and f2, i.e. f prime is f1 prime plus f2 prime.",machine learning::machine learning calculus::01 derivatives and optimization
What is the chain rule in calculus?,"The chain rule is a formula for differentiating composite functions. It's the product of the derivative of the outer function and the derivative of the inner function, evaluated at the point where the functions meet.",machine learning::machine learning calculus::01 derivatives and optimization
What is the composition of functions?,"The composition of functions is when you apply one function to the output of another function, resulting in a new function.",machine learning::machine learning calculus::01 derivatives and optimization
Why is the chain rule important?,The chain rule is important because it allows us to differentiate complex functions by breaking them down into simpler functions and applying the rule iteratively.,machine learning::machine learning calculus::01 derivatives and optimization
What is the notation for the chain rule in Leibniz notation?,"In Leibniz notation, the chain rule is written as (f ∘ g)' = f'(g(x)) \* g'(x)",machine learning::machine learning calculus::01 derivatives and optimization
What is the slope of the derivative when the car is not moving?,The slope is zero meters per second.,machine learning::machine learning calculus::01 derivatives and optimization
At what points is the velocity of the car zero?,"At the points where the tangent is horizontal, therefore, the tangent has Slope 0.",machine learning::machine learning calculus::01 derivatives and optimization
Where was the car farthest from its starting point?,At the point where the distance was 50 and that's the highest distance that you can find in this graph.,machine learning::machine learning calculus::01 derivatives and optimization
Why does the point where the car is the farthest from its starting point coincide with a point where the car is stopped?,"Because if the car is moving, then it could just go further, and the point where the car is the farthest is a point where the car is not moving.",machine learning::machine learning calculus::01 derivatives and optimization
What happens to the derivative of a function when it is multiplied by a constant?,"The derivative gets multiplied by the same constant. For example, if the function is 4 times a function g, the derivative of f is 4 times the derivative of g. This rule is called the multiplication by scalar rule.",machine learning::machine learning calculus::01 derivatives and optimization
Can the multiplication by scalar rule be applied to any value of the constant?,"Yes, it can be applied to any value of the constant, not just 2 or 4. The derivative gets multiplied by any constant c. For example, if the function is c times a function g, the derivative of f is c times the derivative of g.",machine learning::machine learning calculus::01 derivatives and optimization
Why does the multiplication by scalar rule work?,"It works because when you multiply a function by a constant, you are essentially stretching the graph of the function by a factor of that constant. This means that the slope of the tangent line at any point on the graph gets multiplied by the same constant. Therefore, the derivative of the function also gets multiplied by the same constant.",machine learning::machine learning calculus::01 derivatives and optimization
What is the instantaneous velocity?,"The instantaneous rate of change of a function, in this case, the function is distance and its derivative is velocity.",machine learning::machine learning calculus::01 derivatives and optimization
Can you determine the exact velocity at 12.5 seconds?,"No, you cannot find the exact velocity at 12.5 seconds with the given data, but you can find the average velocity in the interval from 10-15 seconds.",machine learning::machine learning calculus::01 derivatives and optimization
What is the average velocity of the car in the interval from 10-15 seconds?,"16 meters per second, calculated by using the formula for slope or velocity, 80 divided by 5 equals 16 meters per second.",machine learning::machine learning calculus::01 derivatives and optimization
Can you find a better estimate of the velocity of the car at time t equals 12.5 seconds using the refined measurements?,"Yes, by taking the average velocity between the interval of time between 12 seconds and 13 seconds, which is 15 meters per second.",machine learning::machine learning calculus::01 derivatives and optimization
What would you do to find a better estimate of the velocity at 12.5 seconds?,"Take finer and finer intervals, and the finer the intervals, the better the estimate is, which leads to the derivative.",machine learning::machine learning calculus::01 derivatives and optimization
What are non-differentiable functions?,"Functions where the derivative does not exist at every point, often due to corners, cusps, jump discontinuities, or vertical tangents.",machine learning::machine learning calculus::01 derivatives and optimization
What is an example of a non-differentiable function?,"The absolute value function, which is differentiable almost everywhere except at the origin where the derivative does not exist due to a corner.",machine learning::machine learning calculus::01 derivatives and optimization
Why is a function with a corner or cusp not differentiable?,"Because it is not possible to draw a unique tangent line at that point, making the derivative undefined.",machine learning::machine learning calculus::01 derivatives and optimization
Why is a function with a jump discontinuity not differentiable?,"Because the function is not continuous at that point, and the derivative cannot be defined due to the sudden change in the function's behavior.",machine learning::machine learning calculus::01 derivatives and optimization
Why is a function with a vertical tangent not differentiable?,"Because the tangent line is parallel to the vertical axis, making the slope undefined and the derivative undefined at that point.",machine learning::machine learning calculus::01 derivatives and optimization
What is a unique property of the exponential function y = e^x?,It is its own derivative.,machine learning::machine learning calculus::01 derivatives and optimization
"What is the slope of the tangent line at the point x, e^x?",e^x,machine learning::machine learning calculus::01 derivatives and optimization
What happens to the slope of the secant lines as the interval decreases?,It approaches e^x,machine learning::machine learning calculus::01 derivatives and optimization
What is the value of the slope for an interval of 1/1000?,7.39,machine learning::machine learning calculus::01 derivatives and optimization
What is the value of the slope for an interval of 1/16?,7.62,machine learning::machine learning calculus::01 derivatives and optimization
What is the value of the slope for an interval of 1/8?,7.87,machine learning::machine learning calculus::01 derivatives and optimization
What is the value of the slope for an interval of 1/4?,8.39,machine learning::machine learning calculus::01 derivatives and optimization
What is the value of the slope for an interval of 1/2?,9.59,machine learning::machine learning calculus::01 derivatives and optimization
What is the value of the slope for an interval of 1?,12.7,machine learning::machine learning calculus::01 derivatives and optimization
What is the simplest cubic function?,y = x cubed,machine learning::machine learning calculus::01 derivatives and optimization
What is the formula for the slope of the tangent line in cubics?,x + Δx cubed - x cubed divided by Δx,machine learning::machine learning calculus::01 derivatives and optimization
What is the value of y when x is equal to 0.5?,1/8,machine learning::machine learning calculus::01 derivatives and optimization
What is the slope of the secant line when Δx is 1 and x is 0.5?,3.25,machine learning::machine learning calculus::01 derivatives and optimization
What is the slope of the secant line when Δx is 1/2 and x is 0.5?,1.75,machine learning::machine learning calculus::01 derivatives and optimization
What is the slope of the secant line when Δx is 1/4 and x is 0.5?,1.188,machine learning::machine learning calculus::01 derivatives and optimization
What is the slope of the secant line when Δx is 1/8 and x is 0.5?,0.95,machine learning::machine learning calculus::01 derivatives and optimization
What is the slope of the secant line when Δx is 1/16 and x is 0.5?,0.85,machine learning::machine learning calculus::01 derivatives and optimization
What is the slope of the secant line when Δx is 1/1000 and x is 0.5?,0.752,machine learning::machine learning calculus::01 derivatives and optimization
What is the value of f'(0.5)?,0.75,machine learning::machine learning calculus::01 derivatives and optimization
What is the derivative of x cubed?,3x squared,machine learning::machine learning calculus::01 derivatives and optimization
What is the instantaneous velocity at a point?,"The instantaneous velocity at a point is the slope of the tangent line to the curve at that point, which is the limit of the average velocity of smaller and smaller intervals as the interval approaches zero.",machine learning::machine learning calculus::01 derivatives and optimization
How is the instantaneous velocity estimated?,"The instantaneous velocity can be estimated by calculating the average velocity over smaller and smaller intervals, getting closer to the point of interest, until the interval approaches zero.",machine learning::machine learning calculus::01 derivatives and optimization
What is the instantaneous rate of change?,"The instantaneous rate of change is a measure of how fast the relation between two variables is changing at any point, and it is the slope of the tangent line to the curve at that point.",machine learning::machine learning calculus::01 derivatives and optimization
What is the derivative of a function at a point?,"The derivative of a function at a point is precisely the slope of the tangent at that particular point, which is the instantaneous rate of change.",machine learning::machine learning calculus::01 derivatives and optimization
Let me know if you'd like me to make any changes!,,machine learning::machine learning calculus::01 derivatives and optimization
What is the derivative of 1/x?,minus 1x to the power of -2,machine learning::machine learning calculus::01 derivatives and optimization
What is the derivative of x squared?,2x to the power of 1,machine learning::machine learning calculus::01 derivatives and optimization
What is the derivative of x cubed?,3x squared,machine learning::machine learning calculus::01 derivatives and optimization
What happens to the exponent in the derivative of a power function?,The exponent goes down and becomes the new exponent minus 1,machine learning::machine learning calculus::01 derivatives and optimization
What is the derivative of x^n?,nx to the power of n-1,machine learning::machine learning calculus::01 derivatives and optimization
What happens to the derivative of x to the minus 100?,It becomes minus 100x to the minus 101,machine learning::machine learning calculus::01 derivatives and optimization
"Note: I've prioritized the information regarding the derivative of power functions, as per your request. Let me know if you need any further assistance!",,machine learning::machine learning calculus::01 derivatives and optimization
What is the main application of calculus in machine learning?,"Minimizing and maximizing functions, which is used to create cost functions and then minimize them.",machine learning::machine learning calculus::01 derivatives and optimization
How are derivatives used in machine learning?,To calculate gradients and minimize the error in training a machine learning model.,machine learning::machine learning calculus::01 derivatives and optimization
What is the purpose of gradient descent in machine learning?,To take small steps to get lower and lower values in the direction indicated by the gradient.,machine learning::machine learning calculus::01 derivatives and optimization
What is the role of calculus in understanding optimizers in machine learning?,"To know the calculus behind how optimizers work, which is often represented as a black box.",machine learning::machine learning calculus::01 derivatives and optimization
What is the difference between gradient descent and Newton's method in machine learning?,"Gradient descent can take hundreds of steps, while Newton's method can take just a few steps to achieve the same results.",machine learning::machine learning calculus::01 derivatives and optimization
What is the purpose of having a toolkit of different techniques in machine learning?,"To be able to try different methods if one doesn't work, and to have a variety of options for solving problems.",machine learning::machine learning calculus::01 derivatives and optimization
What did you learn about derivatives in the calculus course?,"Derivatives in one variable, gradients, and derivatives in multiple variables were covered in the course.",machine learning::machine learning calculus::03 optimization in neural networks and newtons method
What are some methods used to optimize problems in the calculus course?,Gradient descent and Newton's method were learned to speed up calculations.,machine learning::machine learning calculus::03 optimization in neural networks and newtons method
What is the main application of optimization methods in the calculus course?,Machine learning was the primary focus of applying optimization methods learned in the course.,machine learning::machine learning calculus::03 optimization in neural networks and newtons method
What was the purpose of learning optimization methods in the calculus course?,"To apply optimization methods to machine learning, a key step in the machine learning journey.",machine learning::machine learning calculus::03 optimization in neural networks and newtons method
"Note: I've prioritized the information regarding the calculus course, optimization methods, and machine learning, as per your request. Each flashcard tests a single concept and can stand alone. The language is clear and concise, and the output is in the required CSV format.",,machine learning::machine learning calculus::03 optimization in neural networks and newtons method
What is Newton's method used for?,"Finding the zeros of a function, which can be adapted for optimization by finding the minimum of a function.",machine learning::machine learning calculus::03 optimization in neural networks and newtons method
How does Newton's method work in one variable?,By approximating the zero of a function using the tangent at a random point and iterating to find a better approximation.,machine learning::machine learning calculus::03 optimization in neural networks and newtons method
What is the iterative step in Newton's method?,Updating the current point (XK) by subtracting the function value (F of XK) divided by the derivative (F prime of XK) to get the new point (XK+1).,machine learning::machine learning calculus::03 optimization in neural networks and newtons method
How does Newton's method differ from gradient descent?,"Newton's method finds the zeros of a function, whereas gradient descent finds the minimum of a function.",machine learning::machine learning calculus::03 optimization in neural networks and newtons method
What is the formula for the slope in Newton's method?,"Rise over run, where rise is the function value (F of X0) and run is the difference between the current point (X0) and the previous point (X1).",machine learning::machine learning calculus::03 optimization in neural networks and newtons method
How do you use Newton's method for optimization?,By finding the zeros of the derivative of the function (G prime of X) and then selecting the minimum value from the resulting zeros.,machine learning::machine learning calculus::03 optimization in neural networks and newtons method
What is the second derivative in optimization problems for multiple variables?,The second derivative is a matrix full of second derivatives called the Hessian.,machine learning::machine learning calculus::03 optimization in neural networks and newtons method
What is the Hessian matrix?,The Hessian matrix is a matrix that keeps track of all the second partial derivatives of a function of multiple variables.,machine learning::machine learning calculus::03 optimization in neural networks and newtons method
How do you find the second derivative in two variables?,"You take the derivative with respect to x, then with respect to y, and then take the derivative of each result with respect to x and y again.",machine learning::machine learning calculus::03 optimization in neural networks and newtons method
What is the difference between the first derivative in one variable and the first derivative in two variables?,"The first derivative in one variable is simply f'x, whereas in two variables, you have two rates of change: f_x and f_y, and the gradient is a vector.",machine learning::machine learning calculus::03 optimization in neural networks and newtons method
What is the rate of change of the rate of change in two variables?,"The rate of change of the rate of change is the second derivative, which is a matrix full of second derivatives called the Hessian.",machine learning::machine learning calculus::03 optimization in neural networks and newtons method
What is the function being approximated using Newton's method?,e to the x minus logarithm of x,machine learning::machine learning calculus::03 optimization in neural networks and newtons method
What is the derivative of the function e to the x minus logarithm of x?,e to the x -1 over x,machine learning::machine learning calculus::03 optimization in neural networks and newtons method
What is the minimum of the function e to the x minus logarithm of x?,0.5671 etc. (omega constant),machine learning::machine learning calculus::03 optimization in neural networks and newtons method
Why do we use Newton's method to find the zeros of the derivative instead of the original function?,To find the minimum of the original function,machine learning::machine learning calculus::03 optimization in neural networks and newtons method
What is the derivative of the derivative of the function e to the x -1 over x?,e to the x plus 1 over x squared,machine learning::machine learning calculus::03 optimization in neural networks and newtons method
What is the initial value x0 used in Newton's method?,0.05,machine learning::machine learning calculus::03 optimization in neural networks and newtons method
What is the formula to calculate x1 using Newton's method?,e to the x0 minus 1 over x0 divided by e to the x0 plus 1 over x0 squared,machine learning::machine learning calculus::03 optimization in neural networks and newtons method
What is the value of x1 calculated using the formula?,0.97,machine learning::machine learning calculus::03 optimization in neural networks and newtons method
What is the formula to calculate x2 using Newton's method?,same as x1 formula,machine learning::machine learning calculus::03 optimization in neural networks and newtons method
What is the value of x2 calculated using the formula?,0.183,machine learning::machine learning calculus::03 optimization in neural networks and newtons method
And so on...,11,machine learning::machine learning calculus::03 optimization in neural networks and newtons method
"Note: I've tried to prioritize the information regarding the imaging features of diseases, unique imaging findings, and methods of differentiating similar disease entities as per the task. However, since the original text is about Newton's method and its application, the questions and answers are more focused on the mathematical concepts rather than imaging features of diseases.",,machine learning::machine learning calculus::03 optimization in neural networks and newtons method
What happens to the second derivative in Newton's method for optimizing functions of many variables?,It turns into the Hessian matrix.,machine learning::machine learning calculus::03 optimization in neural networks and newtons method
What is the key difference between multiplying the gradient at the left and right of the Hessian matrix?,You can only multiply the gradient at the right of the Hessian matrix.,machine learning::machine learning calculus::03 optimization in neural networks and newtons method
What is the formula for Newton's method in two variables?,"xk+1, yk+1 = xk, yk - Hessian inverse * gradient",machine learning::machine learning calculus::03 optimization in neural networks and newtons method
What is the purpose of the Hessian matrix in Newton's method?,To find the minimum or maximum of a function,machine learning::machine learning calculus::03 optimization in neural networks and newtons method
Let me know if you need any further modifications!,,machine learning::machine learning calculus::03 optimization in neural networks and newtons method
What is the second derivative?,"The second derivative is the derivative of the derivative, which gives us information about the function's curvature and can be useful in optimization problems.",machine learning::machine learning calculus::03 optimization in neural networks and newtons method
What is the second derivative used for in optimization problems?,"The second derivative is used to determine if a point is a maximum or minimum, as well as to determine the curvature of a function.",machine learning::machine learning calculus::03 optimization in neural networks and newtons method
What is the relationship between the second derivative and the curvature of a function?,"A positive second derivative indicates a concave up function, while a negative second derivative indicates a concave down function.",machine learning::machine learning calculus::03 optimization in neural networks and newtons method
What is the second derivative of the function 750t^2?,"The second derivative of 750t^2 is 1500t, which represents the acceleration of an object.",machine learning::machine learning calculus::03 optimization in neural networks and newtons method
What is the second derivative of the function 50t - 5/6?,"The second derivative of 50t - 5/6 is 50, which represents a constant acceleration.",machine learning::machine learning calculus::03 optimization in neural networks and newtons method
What is the relationship between the second derivative and the acceleration of an object?,"The second derivative represents the acceleration of an object, with a positive value indicating an increasing acceleration and a negative value indicating a decreasing acceleration.",machine learning::machine learning calculus::03 optimization in neural networks and newtons method
What is the second derivative of the function 55/6 - 50t?,"The second derivative of 55/6 - 50t is -50, which represents a constant deceleration.",machine learning::machine learning calculus::03 optimization in neural networks and newtons method
What is the significance of the second derivative in determining the maximum or minimum of a function?,"The second derivative can be used to determine if a point is a maximum or minimum, with a positive second derivative indicating a local minimum and a negative second derivative indicating a local maximum.",machine learning::machine learning calculus::03 optimization in neural networks and newtons method
What happens to a function that is concave up in two or more variables?,"It looks like a happy face, with a minimum point at the center.",machine learning::machine learning calculus::03 optimization in neural networks and newtons method
What does it mean for a matrix to be positive definite?,"It means all the eigenvalues are positive numbers, indicating the function is concave up and the point is a minimum.",machine learning::machine learning calculus::03 optimization in neural networks and newtons method
What is the equivalent of a positive number in a matrix?,"The eigenvalues of the matrix, which indicate whether the function is concave up or down.",machine learning::machine learning calculus::03 optimization in neural networks and newtons method
What is the condition for a function to be concave up in n variables?,"The Hessian matrix has n eigenvalues, all of which are bigger than zero.",machine learning::machine learning calculus::03 optimization in neural networks and newtons method
What happens when a matrix has both positive and negative eigenvalues?,"It is neither positive definite nor negative definite, and the point is a saddle point, neither a minimum nor a maximum.",machine learning::machine learning calculus::03 optimization in neural networks and newtons method
"Note: I prioritized the information regarding the imaging features of diseases, unique imaging findings, and methods of differentiating similar disease entities, as per the task. However, since the provided text is about optimization and matrices, the flashcards are focused on those concepts.",,machine learning::machine learning calculus::03 optimization in neural networks and newtons method
"What is the goal of minimizing the loss function L y, y hat?",To find the prediction function with the best weights and bias that makes the smallest mistakes.,machine learning::machine learning calculus::03 optimization in neural networks and newtons method
"How does gradient descent update w_1, w_2, and b?","Using the gradient descent formula, which updates w_1 as w_1 minus learning rate times the derivative of the loss with respect to w_1, w_2 as w_2 minus learning rate times the derivative of the loss with respect to w_2, and b as b minus learning rate times the derivative of the loss with respect to b.",machine learning::machine learning calculus::03 optimization in neural networks and newtons method
What is the derivative of L with respect to y hat?,"Negative y minus y hat, which is the chain rule applied to the loss function L",machine learning::machine learning calculus::03 optimization in neural networks and newtons method
What is the derivative of y hat with respect to b?,"1, since y hat does not depend on b",machine learning::machine learning calculus::03 optimization in neural networks and newtons method
What is the derivative of y hat with respect to w_1?,"x_1, since y hat depends on w_1x_1 plus 7",machine learning::machine learning calculus::03 optimization in neural networks and newtons method
What is a neural network?,A neural network is a bunch of perceptrons organized in layers where the information of these perceptions is passed to the next layer.,machine learning::machine learning calculus::03 optimization in neural networks and newtons method
What is the main difference between a perceptron and a neural network?,"A perceptron is a single layer, whereas a neural network is multiple layers of perceptrons.",machine learning::machine learning calculus::03 optimization in neural networks and newtons method
What is the purpose of the bias in a perceptron?,The bias is added to the summation of the weights and inputs to shift the activation function and change the output.,machine learning::machine learning calculus::03 optimization in neural networks and newtons method
What is the output of the purple perceptron in a neural network?,"The output of the purple perceptron is y hat, which is the prediction of the neural network.",machine learning::machine learning calculus::03 optimization in neural networks and newtons method
What is the error function used in training a neural network?,"The error function used in training a neural network is the log loss, which is the negative logarithm of the difference between the prediction and the target.",machine learning::machine learning calculus::03 optimization in neural networks and newtons method
What is the purpose of back propagation in training neural networks?,"Back propagation is the method used to train neural networks, consisting of calculating derivatives using the chain rule and updating weights to minimize the log loss function.",machine learning::machine learning calculus::03 optimization in neural networks and newtons method
What is the notation for weights in a neural network?,"Weights in a neural network are denoted by superscripts (1, 2, 3, etc.) corresponding to the layer they belong to.",machine learning::machine learning calculus::03 optimization in neural networks and newtons method
What is the goal of calculating derivatives in back propagation?,The goal is to calculate the derivatives of the log loss function with respect to all the weights and biases to update them and minimize the log loss function.,machine learning::machine learning calculus::03 optimization in neural networks and newtons method
What is the chain rule used for in back propagation?,The chain rule is used to calculate the derivatives of the log loss function with respect to the weights and biases by multiplying the derivatives of each layer's output with respect to its inputs and the derivatives of the inputs with respect to the previous layer's outputs.,machine learning::machine learning calculus::03 optimization in neural networks and newtons method
What is the goal of a regression problem?,To find the best possible line to predict the price of a house.,machine learning::machine learning calculus::03 optimization in neural networks and newtons method
What is the name of the fundamental unit of neural networks?,Perceptron,machine learning::machine learning calculus::03 optimization in neural networks and newtons method
What is the output of the summation function in a perceptron?,The predicted price of the house,machine learning::machine learning calculus::03 optimization in neural networks and newtons method
What are the inputs in a perceptron?,The size of the house and the number of rooms,machine learning::machine learning calculus::03 optimization in neural networks and newtons method
What is the bias term in a perceptron?,A constant added to the summation function,machine learning::machine learning calculus::03 optimization in neural networks and newtons method
What is the goal of the loss function in a perceptron?,To minimize the error in predicting the prices,machine learning::machine learning calculus::03 optimization in neural networks and newtons method
What is the goal of calculating derivatives in gradient descent?,To find the best weights and bias for the dataset.,machine learning::machine learning calculus::03 optimization in neural networks and newtons method
What is the chain rule used for in calculating derivatives?,"To calculate the partial derivative of L with respect to w1, w2, and B.",machine learning::machine learning calculus::03 optimization in neural networks and newtons method
What is the formula for calculating dL/dyHat?,"The logarithm of yHat has a derivative of one over yHat, and negative y is simply a constant with respect to yHat.",machine learning::machine learning calculus::03 optimization in neural networks and newtons method
What is the formula for calculating dyHat/dw1?,"Sigmoid of the inner part times one minus sigmoid times X1, which is the derivative of the inside by W1.",machine learning::machine learning calculus::03 optimization in neural networks and newtons method
What is the formula for calculating dyHat/dw2?,"Sigmoid of the inner part times one minus sigmoid times X2, which is the derivative of the inside by W2.",machine learning::machine learning calculus::03 optimization in neural networks and newtons method
What is the formula for calculating dyHat/dB?,"yHat times one minus yHat, which is the derivative of the sigmoid function by B.",machine learning::machine learning calculus::03 optimization in neural networks and newtons method
What is the main difference between a perceptron for regression and classification?,The activation function is changed to a sigmoid function for classification.,machine learning::machine learning calculus::03 optimization in neural networks and newtons method
What is the purpose of the bias input in a perceptron?,To determine the importance of the features in the classification process.,machine learning::machine learning calculus::03 optimization in neural networks and newtons method
What is the role of the sigmoid function in a perceptron?,"To take the continuous output of the perceptron and convert it to a value between 0 and 1, suitable for classification.",machine learning::machine learning calculus::03 optimization in neural networks and newtons method
How do the weights W1 and W2 affect the output of the perceptron?,"W1 and W2 determine the importance of the features (word aack and beep) in the classification process, with W1 being large for words correlated with happiness and W2 being small for irrelevant words or negative for inversely correlated words.",machine learning::machine learning calculus::03 optimization in neural networks and newtons method
What is the purpose of plotting the points in a classification problem?,"To visualize the relationship between the input features and the output, helping to understand the classification boundary.",machine learning::machine learning calculus::03 optimization in neural networks and newtons method
What is the goal of adjusting each weight and bias in a neural network?,"To reduce the loss function L(y, yhat).",machine learning::machine learning calculus::03 optimization in neural networks and newtons method
What does the partial derivative of L with respect to Wij tell us?,How each weight affects the loss.,machine learning::machine learning calculus::03 optimization in neural networks and newtons method
What does the partial derivative of L with respect to bi tell us?,How each bias affects the loss.,machine learning::machine learning calculus::03 optimization in neural networks and newtons method
How do we calculate the derivative del L over del W11?,Using the chain rule: del z1 over del W11 × del a1 over del z1 × del z over del a1 × del yhat over del z × del L over del yhat.,machine learning::machine learning calculus::03 optimization in neural networks and newtons method
What is the formula for del L over del W11?,del z1 over del W11 × del a1 over del z1 × del z over del a1 × del yhat over del z × del L over del yhat = a1 × (1 - a1) × W1 × yhat × (1 - yhat),machine learning::machine learning calculus::03 optimization in neural networks and newtons method
How do we update W11 in gradient descent?,Using the formula del L over del W11 with a learning rate alpha.,machine learning::machine learning calculus::03 optimization in neural networks and newtons method
What is the formula for del L over del b1?,del z1 over del b1 × del a1 over del z1 × del z over del a1 × del yhat over del z × del L over del yhat = 1 × a1 × (1 - a1) × W1 × yhat × (1 - yhat),machine learning::machine learning calculus::03 optimization in neural networks and newtons method
Note: I've kept the questions concise and focused on the key concepts mentioned in the original text. The answers provide a brief summary of the relevant information.,,machine learning::machine learning calculus::03 optimization in neural networks and newtons method
What is the goal of the model in the previous video?,To fit the best possible line through the points to make a good prediction.,machine learning::machine learning calculus::03 optimization in neural networks and newtons method
What does the model predict?,The model predicts the price of the houses based on their sizes in square feet.,machine learning::machine learning calculus::03 optimization in neural networks and newtons method
What is the error in the model?,"The error is the difference between the predicted value and the actual value, indicated by the vertical broken lines.",machine learning::machine learning calculus::03 optimization in neural networks and newtons method
Why do we square the error?,"To get zero or small numbers, and to avoid confusion when adding positive and negative errors.",machine learning::machine learning calculus::03 optimization in neural networks and newtons method
What is the loss function L?,"The loss function L is the sum of the squared errors, multiplied by half, and is given by the formula L(y, y-hat) = 1/2 * (y-y-hat)^2.",machine learning::machine learning calculus::03 optimization in neural networks and newtons method
What is the goal of minimizing the loss function L?,"To find the best w_1, w_2, and b that gives y-hat with the least error, and thus find the best model for the dataset.",machine learning::machine learning calculus::03 optimization in neural networks and newtons method
"Note: I prioritized the most important concepts and questions from the original text, and formatted them according to the specified criteria.",,machine learning::machine learning calculus::03 optimization in neural networks and newtons method
What is the purpose of the sigmoid function in machine learning?,"It takes the entire number line and crunches it into the interval zero, one, which is what we want for the output.",machine learning::machine learning calculus::03 optimization in neural networks and newtons method
What is the formula for the sigmoid function?,1/(1 + e^(-z)),machine learning::machine learning calculus::03 optimization in neural networks and newtons method
What is the graph of the sigmoid function like?,"The input is the number line and the output is the interval zero, one, with asymptotes at zero and one, meaning it never really touches the numbers zero and one but every number has an output strictly between zero and one.",machine learning::machine learning calculus::03 optimization in neural networks and newtons method
What is the output of the sigmoid function when the input is zero?,1/2,machine learning::machine learning calculus::03 optimization in neural networks and newtons method
What happens to the output of the sigmoid function when the input is a very large positive number?,It gets very close to one,machine learning::machine learning calculus::03 optimization in neural networks and newtons method
What happens to the output of the sigmoid function when the input is a very large negative number?,It gets very close to zero,machine learning::machine learning calculus::03 optimization in neural networks and newtons method
What is the derivative of the sigmoid function?,The derivative of sigmoid is sigmoid times 1 minus sigmoid,machine learning::machine learning calculus::03 optimization in neural networks and newtons method
Why is it important that the derivative of the sigmoid function is easy to calculate?,"Because in machine learning, we're going to use derivatives a lot, and it's very important that our function is easy to differentiate",machine learning::machine learning calculus::03 optimization in neural networks and newtons method
What is the purpose of the sigmoid function in a perceptron?,"It takes the input, multiplies them by the weight functions, applies the sum, and then applies the sigmoid function to get a prediction y-hat.",machine learning::machine learning calculus::03 optimization in neural networks and newtons method
What is the loss function used in the perceptron algorithm?,"The log loss function is used, which is calculated as L(y, y-hat) and is used to update the weights and bring the error down.",machine learning::machine learning calculus::03 optimization in neural networks and newtons method
How is the log loss function calculated?,"It is calculated as L(y, y-hat) and is used to update the weights and bring the error down.",machine learning::machine learning calculus::03 optimization in neural networks and newtons method
What is the main goal of the perceptron algorithm?,"The main goal is to find the perfect weights w_1, w_2, and b that will give us y-hat with the least amount of log loss L(y, y-hat) error.",machine learning::machine learning calculus::03 optimization in neural networks and newtons method
What did we learn about derivatives and gradients in two or more dimensions?,"Derivatives and gradients work in two or more dimensions, allowing us to turn problems into optimization problems, which is used in machine learning methods such as linear regression.",machine learning::machine learning calculus::02 gradients and gradient descent
What is a fast method to optimize functions?,"Gradient descent is a fast method to optimize functions, helping us find the minimum or maximum of a function quickly.",machine learning::machine learning calculus::02 gradients and gradient descent
"What is the method called that is iterative and powerful for minimizing or maximizing functions, especially in many variables?",Gradient Descent.,machine learning::machine learning calculus::02 gradients and gradient descent
What is the problem with trying to get exact solutions to optimization problems analytically?,"The problems can get really complicated really fast, especially in higher dimensions.",machine learning::machine learning calculus::02 gradients and gradient descent
What is the derivative of f(x) = e^x - ln(x)?,e^x - 1/x,machine learning::machine learning calculus::02 gradients and gradient descent
What is the solution to the equation e^x - 1/x = 0?,"0.5671, etc. (Omega constant)",machine learning::machine learning calculus::02 gradients and gradient descent
What is the method used to find the minimum of a function in gradient descent?,Moving in both directions and checking which point has a smaller value in the function,machine learning::machine learning calculus::02 gradients and gradient descent
What is the purpose of repeating the process in gradient descent?,To get really close to the minimum,machine learning::machine learning calculus::02 gradients and gradient descent
What happens if the learning rate is too large in gradient descent?,You may miss the minimum and never be able to find it because your steps are just too big.,machine learning::machine learning calculus::02 gradients and gradient descent
What happens if the learning rate is too small in gradient descent?,You may take forever to actually reach the minimum or perhaps never reach it.,machine learning::machine learning calculus::02 gradients and gradient descent
What is the ideal learning rate in gradient descent?,"A learning rate that is just right, but finding it can be pretty hard.",machine learning::machine learning calculus::02 gradients and gradient descent
What is a common problem with gradient descent?,It may take you towards a local minimum instead of the global minimum.,machine learning::machine learning calculus::02 gradients and gradient descent
How can you overcome the problem of local minimum in gradient descent?,Run the gradient descent algorithm many times with many different starting points.,machine learning::machine learning calculus::02 gradients and gradient descent
Let me know if you need any further modifications!,,machine learning::machine learning calculus::02 gradients and gradient descent
What is the formula for finding the new point in gradient descent?,X_1 = X_0 - f' of X_0,machine learning::machine learning calculus::02 gradients and gradient descent
What is the purpose of subtracting the slope in gradient descent?,To move closer to the minimum,machine learning::machine learning calculus::02 gradients and gradient descent
What happens if the derivative is very large in gradient descent?,You may miss the minimum and go far away,machine learning::machine learning calculus::02 gradients and gradient descent
What is the added bonus of using the formula X_1 = X_0 - Alpha * f' of X_0?,It allows for small steps when close to the minimum,machine learning::machine learning calculus::02 gradients and gradient descent
Why is gradient descent useful in machine learning?,It can get us really close to the minimums of functions,machine learning::machine learning calculus::02 gradients and gradient descent
What is the goal of gradient descent for more variables?,To move from the initial starting point to the optimal solution by iteratively updating the parameters in the direction of the negative gradient.,machine learning::machine learning calculus::02 gradients and gradient descent
How do we choose the directions for taking steps in gradient descent?,"By using derivatives, specifically gradients, to determine the direction of steepest descent.",machine learning::machine learning calculus::02 gradients and gradient descent
What is the alternative way to solve optimization problems with multiple variables using gradients?,"To iteratively update the parameters in the direction of the negative gradient, rather than calculating partial derivatives and equating them to 0.",machine learning::machine learning calculus::02 gradients and gradient descent
What is the process of gradient descent for multiple variables?,"Starting at an initial point, taking random steps in different directions, and iteratively updating the parameters in the direction of the negative gradient until reaching the optimal solution or a close approximation.",machine learning::machine learning calculus::02 gradients and gradient descent
What is the direction of the gradient in gradient ascent?,"The direction of the negative gradient is the direction that if you take one step, takes you to the coldest possible place, that you can get to in one tiny step.",machine learning::machine learning calculus::02 gradients and gradient descent
What is the purpose of the learning rate in gradient ascent?,"To multiply the step in the direction of the negative gradient by a small value, so the step is small and doesn't overshoot the minimum point.",machine learning::machine learning calculus::02 gradients and gradient descent
How do you update the kth position in gradient ascent?,By taking the k-1st position and subtracting the learning rate times the gradient and the k-1st position.,machine learning::machine learning calculus::02 gradients and gradient descent
What is the goal of gradient ascent?,To find the minimum point of a function by iteratively moving in the direction of the negative gradient.,machine learning::machine learning calculus::02 gradients and gradient descent
What is the purpose of using gradient descent to solve linear regression problems?,To find the optimal M and B that minimize the sum of squares cost.,machine learning::machine learning calculus::02 gradients and gradient descent
What is the initial starting point for gradient descent?,"Some random slope and intercept (M0, B0)",machine learning::machine learning calculus::02 gradients and gradient descent
What is the formula for the k-th iteration in gradient descent?,"MK + 1 = K iteration - alpha * gradient at MK, BK",machine learning::machine learning calculus::02 gradients and gradient descent
What is the goal of gradient descent in this context?,To find the minimum cost by iteratively taking tiny steps,machine learning::machine learning calculus::02 gradients and gradient descent
What is the goal of linear regression?,To find a line that best fits the data and minimizes the cost function.,machine learning::machine learning calculus::02 gradients and gradient descent
What is the cost function in linear regression?,The average of the squared distances between the predicted values and the actual values.,machine learning::machine learning calculus::02 gradients and gradient descent
What is the role of the slope (m) and y-intercept (b) in linear regression?,To determine the equation of the line that best fits the data (y = mx + b),machine learning::machine learning calculus::02 gradients and gradient descent
How does gradient descent work in linear regression?,"By iteratively updating the values of m and b to minimize the cost function, using the learning rate to adjust the step size",machine learning::machine learning calculus::02 gradients and gradient descent
What is the purpose of the plot on the right in linear regression?,"To visualize the cost function and the gradient descent process, and to find the optimal values of m and b",machine learning::machine learning calculus::02 gradients and gradient descent
What is the relationship between the TV budget and the number of sales in linear regression?,The TV budget is the independent variable (x) and the number of sales is the dependent variable (y),machine learning::machine learning calculus::02 gradients and gradient descent
How is the cost function calculated in linear regression?,"By summing the squared distances between the predicted values and the actual values, and dividing by the number of observations",machine learning::machine learning calculus::02 gradients and gradient descent
What is the purpose of the learning rate in gradient descent?,"To control the step size of the updates to m and b, and to avoid overshooting the optimal values",machine learning::machine learning calculus::02 gradients and gradient descent
What is the gradient in a vector known as?,The gradient is simply the vector containing the partial derivatives of a function with respect to all its variables.,machine learning::machine learning calculus::02 gradients and gradient descent
What is the notation used for the gradient?,"The notation used for the gradient is nabla f, which is the collection of all the partial derivatives with respect to all the variables in the function.",machine learning::machine learning calculus::02 gradients and gradient descent
What are the two partial derivatives that make up the gradient in the case of a function in two variables?,"The two partial derivatives are df/dx and df/dy, which are 2x and 2y, respectively.",machine learning::machine learning calculus::02 gradients and gradient descent
What is the gradient of a function with 17 variables?,"The gradient of a function with 17 variables is a vector of 17 entries, each one corresponding to the partial derivative of the function with respect to each one of the variables.",machine learning::machine learning calculus::02 gradients and gradient descent
What does the gradient describe in the case of a tangent plane?,The gradient describes the slopes of the two lines that form the tangent plane.,machine learning::machine learning calculus::02 gradients and gradient descent
"What is the gradient of f(x,y) = x^2 + y^2 at the point (2,3)?","The gradient of f(x,y) = x^2 + y^2 at the point (2,3) is 4,6, which is the vector 2x, 2y, except for x and y, you replace 2 and 3.",machine learning::machine learning calculus::02 gradients and gradient descent
What is the goal of finding the coldest place in the sauna?,To find the minimum temperature.,machine learning::machine learning calculus::02 gradients and gradient descent
What is the approach to finding the minimum temperature in the sauna?,Moving in random steps and checking which one takes us to a colder place.,machine learning::machine learning calculus::02 gradients and gradient descent
What is the condition for recognizing the coldest place in the room?,"If you walk in any direction, you get hotter.",machine learning::machine learning calculus::02 gradients and gradient descent
What are the partial derivatives of the temperature function?,df/dx is -1/90*x*(3x-12*y^2) and df/dy is -1/90*y*(3y-12*x^2),machine learning::machine learning calculus::02 gradients and gradient descent
How do you find the minimum point by setting the partial derivatives equal to zero?,"You have to solve for x and y, and then check the candidates individually to find the minimum.",machine learning::machine learning calculus::02 gradients and gradient descent
"Note: I prioritized the information regarding the imaging features of diseases, unique imaging findings, and methods of differentiating similar disease entities as per your request. However, since the provided text is about optimization in a sauna, the flashcards are focused on the concepts related to finding the minimum temperature in the sauna.",,machine learning::machine learning calculus::02 gradients and gradient descent
What is the minimum point of a function of one variable?,"The point where the slope is equal to 0, which is found by taking the derivative and solving it equal to 0.",machine learning::machine learning calculus::02 gradients and gradient descent
What happens to the tangent plane at a local minimum or maximum?,It is parallel to the floor.,machine learning::machine learning calculus::02 gradients and gradient descent
What is the condition for the minimum of a function of two variables?,Both partial derivatives are equal to 0.,machine learning::machine learning calculus::02 gradients and gradient descent
How do you find the minimum point of a function of two variables?,By setting both partial derivatives equal to 0 and solving the system of equations.,machine learning::machine learning calculus::02 gradients and gradient descent
What is the relationship between the partial derivatives and the slopes of the tangent lines?,"The partial derivatives are the slopes of the tangent lines, which are parallel to the floor at a local minimum or maximum.",machine learning::machine learning calculus::02 gradients and gradient descent
What is the key step in finding the minimum point of a function of many variables?,Setting all partial derivatives equal to 0 and solving the system of equations.,machine learning::machine learning calculus::02 gradients and gradient descent
What is the concept we're going to learn in Week 2?,Functions with two or more variables.,machine learning::machine learning calculus::02 gradients and gradient descent
What is the generalization of a tangent line in one-dimension?,A tangent plane in two dimensions.,machine learning::machine learning calculus::02 gradients and gradient descent
What is one method to optimize functions in two or more variables?,Gradient descent.,machine learning::machine learning calculus::02 gradients and gradient descent
What is the name of the plane that is the tangent to a function of two variables?,Tangent plane.,machine learning::machine learning calculus::02 gradients and gradient descent
How do we get the tangent plane of a function of two variables?,By cutting the space into planes and calculating the tangents on these planes.,machine learning::machine learning calculus::02 gradients and gradient descent
"What is the derivative of the function f(x,y) = x-squared + y-squared with respect to x?",2x,machine learning::machine learning calculus::02 gradients and gradient descent
"What is the derivative of the function f(x,y) = x-squared + y-squared with respect to y?",2y,machine learning::machine learning calculus::02 gradients and gradient descent
"What is the slope of the tangent line at the point (0.2,4)?",4,machine learning::machine learning calculus::02 gradients and gradient descent
"Note: I've kept the questions concise and focused on the main concepts, and the answers are direct and to the point. Let me know if you'd like me to make any changes!",,machine learning::machine learning calculus::02 gradients and gradient descent
"What is the function f(x,y) = 3x squared times y cubed?","f(x,y) = 3x squared times y cubed",machine learning::machine learning calculus::02 gradients and gradient descent
How do you find the partial derivative of f with respect to x?,"Treat y as a constant, differentiate using normal rules of differentiation, and multiply by the constant 3",machine learning::machine learning calculus::02 gradients and gradient descent
What is the partial derivative of f with respect to x?,6xy cubed,machine learning::machine learning calculus::02 gradients and gradient descent
Why do you treat y as a constant when finding the partial derivative of f with respect to x?,"Because you're taking the derivative with respect to x, not y",machine learning::machine learning calculus::02 gradients and gradient descent
What is the partial derivative of f with respect to y?,9x squared y squared,machine learning::machine learning calculus::02 gradients and gradient descent
Why do you treat x as a constant when finding the partial derivative of f with respect to y?,"Because you're taking the derivative with respect to y, not x",machine learning::machine learning calculus::02 gradients and gradient descent
What is the mental picture to imagine when understanding partial derivatives?,"A function of two variables plotted in 3D space, cut with a plane, and showing a red parabola with a tangent as the partial derivative.",machine learning::machine learning calculus::02 gradients and gradient descent
What happens when you fix a value of Y in a function of two variables?,"The function becomes a function of only one variable, represented by the red parabola, and treating Y as a constant.",machine learning::machine learning calculus::02 gradients and gradient descent
What is the slope of the tangent line in a partial derivative?,"The partial derivative, which is calculated by differentiating the function with respect to the variable and treating the other variable as a constant.",machine learning::machine learning calculus::02 gradients and gradient descent
How do you calculate a partial derivative?,"By differentiating the function with respect to the variable and treating the other variable as a constant, using the normal rules of differentiation.",machine learning::machine learning calculus::02 gradients and gradient descent
"What is the formula for the partial derivative of f(x, y) = x^2 + y^2?","2x, since the derivative of x^2 is 2x and the derivative of y^2 is 0, since y is treated as a constant.",machine learning::machine learning calculus::02 gradients and gradient descent
What are the two ways to denote a partial derivative?,"f_x and ∂f/∂x, or f_y and ∂f/∂y, depending on the variable with respect to which the derivative is taken.",machine learning::machine learning calculus::02 gradients and gradient descent
What is the problem being solved in this video?,Linear regression problem: finding the optimal place for a fiber line connection that minimizes the total cost of connecting to three power lines.,machine learning::machine learning calculus::02 gradients and gradient descent
What is the cost function that needs to be minimized?,"E(m,b) = 14m^2 + 3b^2 + 38 + 12mb - 42m - 20b",machine learning::machine learning calculus::02 gradients and gradient descent
What are the partial derivatives of E with respect to m and b?,28m + 12b - 42 and 6b + 12 - 20,machine learning::machine learning calculus::02 gradients and gradient descent
How do you solve the system of equations to find the optimal m and b?,Set the partial derivatives equal to 0 and solve for m and b,machine learning::machine learning calculus::02 gradients and gradient descent
What is the solution to the system of equations?,m = 0.5 and b = 7/3,machine learning::machine learning calculus::02 gradients and gradient descent
What is the minimum value of the cost function?,4.167,machine learning::machine learning calculus::02 gradients and gradient descent
"Note: I've tried to prioritize the information regarding the imaging features of diseases, unique imaging findings, and methods of differentiating similar disease entities as per your request. However, since the provided text is about machine learning and linear regression, the flashcards are focused on those concepts instead.",,machine learning::machine learning calculus::02 gradients and gradient descent
